first_name,last_name,address,date_of_birth
David,Owens,"9604 Miller River Apt. 810, Mcdowellview, IN 53320",1968-09-22
Andrew,Oconnor,"1955 Bond Green Apt. 838, Markberg, VT 87813",1921-12-06
Joseph,Ryan,"25918 Laura Underpass, Lake Kennethberg, KS 34025",1999-04-26
Eric,Stephens,"81026 Ariel Dale, East Toddhaven, NJ 88792",1934-06-20
Chris,Sullivan,"4075 Humphrey Court Suite 075, South Brianchester, CO 47622",1910-10-26
Richard,Taylor,"5027 Michelle Bypass Suite 881, Jacksonberg, ID 55673",1941-10-30
Michael,Chambers,"87135 Mario Parkway Suite 254, New Stephenview, AZ 61469",1910-03-15
Steven,Shepard,"636 Kaitlyn Lights Suite 394, Wolfport, TN 66450",1928-07-01
Ronald,Hill,"666 Allen Park, West Heather, DC 99841",2009-01-17
Angela,Smith,"872 Susan Streets Apt. 037, West Hunter, AS 07439",2008-05-19
Sabrina,Shaw,"0768 Bryant Turnpike Apt. 288, Lynnstad, AS 85819",1915-03-14
Cheryl,Simmons,"59614 Taylor Fort Suite 516, Williamsbury, DC 08040",1923-12-09
Matthew,Mathews,"445 Tanya Cape Suite 173, North James, NH 53650",2020-11-17
David,Lucas,"5051 Derrick Views, Alexanderview, IL 19958",2011-11-03
Peter,Hernandez,"Unit 8074 Box 7401, DPO AA 96266",2014-11-10
Lisa,Mata,"675 Dixon Run Apt. 565, New Stephen, NM 14923",2014-10-22
Jerry,Clark,"88496 Bennett Station Apt. 004, Reynoldsbury, TN 72743",1964-06-21
Robert,Anderson,"6050 Crawford Track Suite 944, Shaunburgh, AS 95376",1933-12-14
Joann,Buck,"Unit 5239 Box 6821, DPO AA 44199",1934-03-02
April,Tyler,"4616 Alexa Passage Apt. 891, Port Erica, PA 14841",1912-09-10
Jeffery,Potter,"7717 Ho Overpass Apt. 913, Bellfurt, WV 98106",2016-08-09
John,Watkins,"88046 Jill Lock, East Erin, WI 01504",1930-07-31
Nicole,Davis,"5930 Rebecca Village, East Desiree, HI 20626",1911-04-29
Evan,Bell,"8258 Samantha Crossing Apt. 351, Rachelside, WY 25249",1913-08-10
Brian,Bennett,"48262 Peggy Road Suite 061, Williambury, ID 53761",1991-07-10
Rachel,Torres,"USNV Garcia, FPO AE 05316",1930-10-07
Brittney,Watts,"883 Darren Mountains, Markside, MI 97618",1928-05-20
Sarah,Harris,"32586 Robinson Villages, New Bob, WA 61500",1996-12-19
Troy,Lee,"5132 Mclaughlin View Suite 635, Lake Julieport, SD 75681",1922-10-08
Brady,Gordon,"8943 Huber Knolls, North Anthony, ME 39915",1992-02-14
Amanda,Calhoun,"PSC 8064, Box 6558, APO AA 85593",2020-03-11
Jonathan,Brady,"943 Douglas Underpass, Lake Annaborough, PW 53751",1992-04-07
James,Clements,"90575 Ralph Road, Jeffreyshire, ME 26022",1919-05-14
Corey,Klein,"48980 Robin Hills Apt. 278, Elizabethshire, NY 67669",1941-08-27
Melinda,Williams,"577 Fitzgerald Street Apt. 301, Johnland, CO 94343",1934-12-18
Patricia,Mcdonald,"999 Matthews Square Suite 273, East Patrick, DE 16627",1953-06-01
Michael,Mccormick,"10535 Tucker Stravenue, Jordantown, WY 44580",1982-11-29
Dylan,Weber,"56328 Rebecca Cape Suite 369, South Michelle, WA 73608",1957-05-30
Nicole,Velasquez,"4881 Simmons Tunnel Suite 861, West Keithport, NM 35968",1911-09-06
Kim,Butler,"79811 Robert Row, Graymouth, KY 95918",1927-03-30
Kristen,Cooper,"20561 Frye Port Suite 454, Hannahshire, FL 01320",1937-05-14
Kevin,Rodriguez,"3509 Derrick Meadow Apt. 305, Paulborough, NJ 87533",1971-10-03
Kevin,Hunter,"392 Amber Plains Apt. 431, Amyborough, AS 31060",1969-10-20
William,Duncan,"5291 Patel Well Suite 586, Kempburgh, LA 88316",1969-01-17
Phillip,Williams,"941 Rhodes Park, Andersonborough, MT 33331",1988-10-04
Brittany,Miller,"1004 Simpson Rapid, Lake Natasha, NH 37935",1966-08-02
Alan,Carpenter,"01748 Amanda Wells, North Lori, CO 68624",1914-02-23
Evan,Johnson,"642 Moody Mills, Harmonview, DC 96999",1937-08-22
Michael,Kent,"86942 Horton Camp, East Jesseport, IN 73937",1937-03-11
Derek,Richard,"329 Frank Island, Smithmouth, NY 17088",1922-03-25
Allison,Joseph,"80249 Melissa Isle Apt. 909, Gordonside, FM 21213",2004-10-14
Amber,Coleman,"2597 Silva Village Apt. 920, Kevinborough, VI 49588",2014-11-28
Debbie,King,"927 Williams Manors, Sylviamouth, CO 01623",2012-11-15
Linda,Cooper,"657 Holloway Street Apt. 226, West Bryanville, GU 65049",1980-01-18
Sheryl,Martin,"2858 Thomas Cape, Kimchester, ME 38864",2007-09-11
Edwin,Jones,"236 Cruz Walk Apt. 041, West Joshua, FM 94764",2014-05-23
Lisa,Jimenez,"609 Brianna Key, Ariasfort, NY 37992",1908-09-09
Patrick,Austin,"022 Rachel Island Suite 234, Brianport, VA 46686",1947-04-05
Jill,Mcdonald,"722 Michele Land Apt. 646, Carrieberg, SD 49234",2002-11-21
Gary,Roach,"268 Matthew Place Suite 824, New Christine, NM 36923",2014-02-13
Patrick,Nelson,"PSC 6586, Box 0224, APO AA 77345",2006-09-19
Christina,Rice,"52307 Lawson Parkway Apt. 419, Nguyenbury, TX 62395",2018-06-04
Julie,Mccoy,"72063 Pamela Village, South Kimberlyfurt, MP 09510",1998-02-19
Kevin,Garrett,"278 Sarah Port, Lake Michelleview, ND 25574",1999-01-02
Robert,Allen,"289 Patricia Rapid, West Rogerport, UT 58262",1914-07-23
Stacey,Ward,"785 Robert Fields, South Shane, AR 35522",1912-03-10
Brandon,Reed,"262 Lewis Turnpike Apt. 591, South Jennifershire, UT 42673",1960-05-26
Ronald,Wood,"517 David Divide Suite 512, Carlahaven, FL 71285",1925-08-26
Ashley,Dunn,"962 Moore Mountain, Melissamouth, UT 00523",1916-11-12
Meghan,Griffin,"528 Kent Plaza, East Stacey, AS 39963",1913-07-26
Charlene,Barnes,"99696 Elizabeth Inlet Suite 860, Morenoville, TX 14298",1912-09-04
Shelley,Taylor,"3431 White Spring Apt. 114, Jameshaven, MI 04435",1917-12-19
Teresa,Garner,"5228 Charles Pines, Kennethburgh, GU 78895",2021-06-17
Angela,Mercado,"4262 Erica Camp, Orozcostad, SD 12900",1908-12-19
Thomas,Underwood,"324 Scott Parkway, Rosaleschester, OR 08968",1911-06-01
Kimberly,Torres,"PSC 5169, Box 5093, APO AP 71947",1935-03-02
Manuel,Hayes,"1951 Barnett Street Apt. 277, Lake Arthurside, MT 02649",1939-05-04
Benjamin,Collins,"9782 Michelle Ridges, Lake Lisa, PA 10252",1947-07-10
Tracy,Rivers,"856 Carey Mount Apt. 581, South Ashleymouth, WA 97011",1961-12-22
Stephanie,Williams,"059 Archer Burgs, East John, PW 73404",2019-11-16
Jonathan,Barnes,"3884 Mckenzie Street, New Jennifer, NY 67427",1935-07-20
Tanya,Brown,"26403 Torres Forest, West Heather, VT 85183",1925-09-02
Emma,Harris,"61712 Victor Court Suite 905, Port Zacharyshire, NV 97000",1986-08-14
Ruth,Williams,"9864 Mary Squares, East Paul, ND 42788",2004-04-26
Michael,Patterson,"117 Kenneth Village, Faulknerfort, CT 74069",1998-08-05
Michael,Williams,"59380 Dennis Vista, East Fredburgh, MO 68944",1999-12-22
Roger,Johnson,"062 Harry Shore Apt. 904, Schmidtmouth, UT 02561",1952-02-16
Wanda,Brown,"0305 Olson Cove, East Andrew, ND 20609",1910-07-21
Juan,Collins,"2439 Smith Rue Apt. 975, Goodmouth, ID 03406",1928-02-20
Judith,Escobar,"402 Becker Bypass Suite 189, West Catherine, NY 69596",1925-02-08
Chris,Villarreal,"4349 Sheila Hill, Shawnville, HI 49334",2017-01-03
Michael,Sullivan,"7432 Michael Square Apt. 448, Cranefurt, AS 69776",1941-11-15
Robert,Valenzuela,"80559 Alvarez Village, North Raymondburgh, IL 95336",2016-01-10
Christopher,Dean,"6204 Alicia Hill, Hallville, NM 62175",2020-10-10
Jill,Jones,"89411 Brown Pine Suite 535, Katiemouth, KY 36033",2009-08-07
Kimberly,Graves,"3551 Hall Lodge Suite 732, Sawyerburgh, AZ 34004",2005-06-07
Brittany,Ruiz,"1152 John Junctions Apt. 484, West Cassandraton, VT 16926",1937-07-20
Sarah,Landry,"553 Hannah Orchard, South Kimberlyshire, NC 07525",1979-05-10
Jermaine,Thompson,"4611 Banks Station Apt. 806, Lake John, AS 16108",1989-05-27
Miguel,Malone,"61729 James Overpass, Carpenterfort, TX 50806",1908-08-20
Bradley,Fisher,"504 Stacy Summit Apt. 099, New Kenneth, RI 68003",1952-04-22
Donald,Ramirez,"83925 Miller Cliff Suite 668, Dominicside, VT 57403",1932-11-18
Erik,Pacheco,"13721 Brown Well Apt. 011, West Victoria, IL 12377",1965-03-23
Sarah,Simon,"8099 Marie Creek Apt. 946, Port Stacey, NC 14858",1933-11-04
Paul,David,"Unit 2439 Box 7750, DPO AE 57011",1946-11-30
Wendy,Lucas,"9378 Boyer Ramp Apt. 507, Meyerbury, MN 18639",1923-03-29
Sherri,Hill,"316 Darren Union Apt. 239, Port Bonnieshire, OH 68014",1958-05-12
Benjamin,Davis,"07192 Williams Prairie, Scottburgh, CO 63685",2012-04-19
Jason,White,"PSC 0017, Box 0534, APO AA 94992",1922-09-18
Anthony,Perez,"3633 Christina Vista Apt. 424, North Robinstad, DC 05537",1956-09-01
Ronald,Williams,"79992 Alicia Underpass Apt. 428, Brentfort, ME 22511",2002-07-11
Walter,Sims,"422 Sonia Inlet, Garrettport, OR 24598",2017-03-06
Erika,Aguilar,"586 Brian Coves, Elijahville, GA 69333",1968-05-18
Renee,Yang,"3632 Banks Village Suite 127, Port Williamton, PR 08028",2015-11-11
Jason,Weeks,"2118 Rodney Centers, East Laurie, MA 05663",1927-11-08
James,Shields,"285 Matthews Valley Suite 407, East Robertfurt, WY 85273",1948-08-27
Edward,Schneider,"20939 Nathaniel Road, Port Sherri, IA 53066",1989-08-17
Jennifer,Ball,"36414 Maria Falls Suite 163, Lake Wayne, HI 83046",2006-12-05
Michael,Clarke,"8019 David Isle Apt. 659, West Erin, ME 62833",1968-02-09
Lisa,Potter,"414 Anderson Courts Apt. 017, East Ryantown, KY 81992",1930-11-09
Jim,Taylor,"4738 Keith Landing Suite 087, Jonesburgh, ID 00673",1949-11-30
Heather,Sanders,"4109 Smith Passage, Greenland, CO 02255",1909-12-17
Jeffrey,Wood,"76636 Rivera Pine, Perezview, CT 20693",1975-06-27
Larry,Flores,"85536 Sanders Estate Apt. 669, Michaelmouth, NY 32857",1945-11-14
Kathleen,Schneider,"57199 Wu Turnpike, Newmanbury, MI 96045",2000-09-20
Brittany,Price,"3004 Lisa Neck, North Erica, VA 89232",1945-12-15
Dawn,Burke,"61050 Ryan Meadow, South Georgemouth, ID 62422",1911-03-16
Regina,Carter,"7580 Paul Ridge, Danielfurt, CO 11114",1911-03-12
Carolyn,Adams,"340 Joel Lane Suite 870, South Kimberly, KY 09060",1937-02-11
Mary,Horton,"0974 Emily Lights, North Jennifer, LA 88459",2003-04-07
Matthew,Braun,"091 Clifford Plains, Ramirezmouth, NY 35320",2018-11-29
Amy,Love,"6295 Angela Stravenue, Wrighthaven, AR 11549",2015-06-10
Lorraine,Arroyo,"08978 David Squares Apt. 043, West Michaelchester, AK 62553",1917-03-16
Adrian,Bell,"69735 Barbara Road, Melissashire, NJ 14132",1945-02-05
Justin,Blair,"232 Robert Green Apt. 703, Lake Stacy, AR 55680",1915-04-12
Brandon,Smith,"8855 Chavez Ridges Suite 557, West Brandonmouth, VA 98138",2023-11-03
Monica,Stevens,"14980 Stephens Forge Suite 325, Kevinshire, CO 70412",1966-11-11
Madeline,Murphy,"013 Michael Hollow, New Anthony, PW 24897",2022-05-26
Kristi,Schroeder,"160 Laura Land Apt. 119, Benjaminport, NY 26536",1910-09-15
Justin,Baker,"075 Harper Roads Suite 956, West Misty, WY 10951",1945-02-01
Gregory,Gomez,"7817 Harrison Key, Jacksonmouth, WA 73352",1920-06-24
Russell,Brown,"2014 Francis Centers, Ramirezchester, MN 09463",2018-06-03
Michelle,Santos,"04601 Roth Plaza, Melanieside, RI 46498",1945-08-21
Dana,Estrada,"112 Daniels Stream, Nealhaven, FM 46283",1975-04-29
Parker,Smith,"70447 Pope Highway, Robinsonstad, IL 04640",1952-08-29
Rebecca,Brown,"PSC 4774, Box 9504, APO AE 75382",1982-08-27
Daniel,Meyer,"675 Stephanie Coves, East Paul, WI 56494",2021-02-25
Lisa,Hernandez,"38163 Shaw Pike, East David, FL 49190",1979-08-22
Samantha,Porter,"1418 Leon Prairie Suite 412, Garciachester, HI 72365",1977-12-13
Michelle,Brady,"50333 Brown Parkway, South Stevenmouth, ID 10978",1959-04-25
Victoria,Green,"67664 Lowery Unions, North Joshua, HI 60768",1977-05-12
Robert,Adams,"49046 Jackson Ferry Suite 366, Lucasborough, HI 97958",1987-06-24
James,Bray,"056 Velez Heights, New Allison, ID 14298",1996-12-28
Craig,Massey,"365 Anderson Summit, West Belindabury, FM 10510",1976-06-15
Stephen,Garcia,"537 Doyle Glens, Michaelstad, ME 52595",1939-07-19
Matthew,Vazquez,"29872 Brooke Mills Apt. 142, New Angelaport, HI 83525",2005-02-23
Brandon,Fox,"055 Nguyen Pine, Maryfurt, NV 09508",1939-07-12
Brian,Ortiz,"6433 Clark Ville Apt. 310, Tylermouth, WA 32375",2016-08-18
Paul,Johnson,"744 Hensley Summit, South Joseph, IA 57699",1918-07-01
Melissa,Foster,"735 Smith Fork, Mitchellhaven, MN 19616",1923-11-22
Christopher,James,"288 Beth Well, Ashleytown, NV 78980",1922-01-09
Hannah,Jackson,"837 Eric Fords Suite 925, North Kellyshire, DC 20268",1913-11-25
Amanda,Rowe,"PSC 3219, Box 0027, APO AP 82389",1985-04-12
Daniel,Martin,"874 Hawkins Cove, Waltonfurt, FL 14095",1977-10-24
Christopher,Phillips,"3573 Danielle Parkway, Turnerborough, AR 16109",2004-08-20
Kirk,Thomas,"35434 Michael Mountains, Roseberg, CA 75094",1963-03-23
Mario,Reynolds,"USNV Thompson, FPO AP 30799",1935-04-24
Debra,Morris,"79380 Monica Brook, West Lisafurt, AS 63349",1935-01-22
Stephen,Peterson,"619 Eric Field, Christopherfort, CO 31242",1922-11-28
Patricia,Holland,"198 Cummings Inlet Apt. 838, North Angela, WI 88803",1991-09-21
Michelle,Martinez,"00866 Julia Roads, South Adrianville, MH 25892",1923-10-03
Jeremy,Ward,"63518 Gutierrez Villages, East Monicafurt, AR 68828",1982-11-26
Timothy,Cook,"37384 Charles Ford, Cruzmouth, UT 42551",1996-09-26
Tara,Simpson,"0956 Reilly Mall, New Daniel, PW 35268",1982-02-05
Catherine,Holmes,"6913 Lauren Lights, North Alvin, CT 76624",1981-12-16
Martin,Burke,"077 Deborah Radial Apt. 479, Jacquelineberg, WI 54505",1995-07-05
Travis,Bentley,"2706 Haley Islands Suite 122, Nicholasburgh, NJ 38078",1988-01-14
Michael,White,"139 Cynthia Loaf, Barrettview, CT 59964",1910-02-26
Patricia,Krause,"400 Martinez Drive Apt. 430, Warnerborough, IN 33652",1949-06-15
Kimberly,Long,"693 Allen Crescent, Port Charles, NC 94094",2009-06-18
Perry,Colon,"63835 Murphy Stream, Josephside, NJ 45781",1946-05-31
Brittney,Martinez,"95436 George Passage, East Karen, PR 99761",1937-01-26
David,Jackson,"USNS Davis, FPO AA 07161",1966-03-17
Alex,Clark,"204 Mendez Run Apt. 707, Aaronland, NC 73100",2007-04-20
Frank,Brooks,"24868 King Hills Apt. 607, West Jasmineport, ND 09956",2013-09-16
Cynthia,Hughes,"4637 Barton Cove Apt. 492, East Lawrencefurt, PW 99287",2019-06-09
Ashley,Shaw,"62825 Martin Stravenue Apt. 536, Steelestad, CT 27940",1947-06-02
Jerry,Lopez,"73104 Matthew Well Suite 594, South Markmouth, LA 09273",1920-05-20
Teresa,Hughes,"3943 Thomas Mountain, North Josephmouth, AZ 97527",1966-08-29
Logan,Osborne,"56505 Charles Rapid, Dianafort, CO 14453",1976-11-09
Erin,Carter,"6327 Ashley Gardens Suite 038, Jessicachester, MT 33169",1924-06-28
Nicole,Smith,"5315 Gordon Crest Apt. 430, West Jenniferview, WV 94199",1975-01-10
Meghan,Moss,"38131 Tammy Fort Apt. 395, Hannahchester, MO 54564",1949-12-24
Laura,Wagner,"2383 Amy Crossing, Arroyoport, NJ 20337",1969-11-07
Samantha,Miller,"16983 Melissa Shoal, East Carlos, IA 91199",1913-04-16
Martin,Williams,"69411 Parker Crescent Apt. 758, North Brett, PA 24850",1986-03-07
Lauren,Stanley,"8601 Solis Manors, New Brendaburgh, AL 21819",1935-07-23
Holly,Greer,"82122 Hall Trail Apt. 614, West Christopherchester, TX 57337",1915-03-24
Hannah,Wise,"820 Weaver Rapids Apt. 304, Lisamouth, RI 76985",1968-01-01
Elizabeth,Lee,"8149 Scott Avenue Apt. 087, New Zacharyberg, MH 96756",1991-02-26
Karen,Bruce,"691 Bell Walk Apt. 600, East Vanessa, CT 41326",1966-01-02
Karen,Brooks,"694 Amy Row, North Lisa, PR 47630",1990-12-17
Brenda,Baker,"PSC 4400, Box 0274, APO AE 88252",1989-12-17
Samantha,Jackson,"528 James Fork, Lake Andrea, PA 54512",2003-08-03
Brandi,Ward,"40429 Adams Mission, Nixonview, ID 20902",1987-10-02
Cheryl,Romero,"980 Frank Isle, Amberberg, TX 37591",1941-06-27
Molly,Brown,"35963 Leslie Lodge, South Michael, AL 36067",1917-10-29
Anthony,Gilbert,"973 Foster Park, Andersonview, FL 87627",1959-07-30
Jasmin,Sherman,"87008 David Vista Suite 617, Reneehaven, IN 59985",1984-10-07
Henry,Flores,"7147 Kelly Burgs, Michelleshire, SC 58103",1910-10-13
Emily,Mclaughlin,"02552 Katie Heights Apt. 322, Bakerborough, NC 00761",1977-02-06
Cynthia,Turner,"448 Sanders Street, Matthewfurt, IA 19460",1943-05-11
Matthew,Harvey,"851 Thomas Roads, South Patrickbury, WY 49364",1969-07-04
Matthew,Mason,"118 Combs Unions, Nelsonmouth, AL 54751",1978-12-03
William,Montes,"399 Mathews Throughway Apt. 742, Silvastad, AR 68083",1933-09-12
Phillip,Perry,"2194 Patterson Lane Apt. 058, West Meaganbury, ME 50340",1945-03-31
Anna,Thomas,"4431 Lopez Pine Apt. 044, West Kyle, KS 53310",1966-03-07
Jeremiah,Mason,"46460 Cohen Expressway, East Jenniferborough, NM 32835",1966-04-05
Christopher,Garcia,"3797 Gardner Spurs, Lorichester, AK 63449",1962-05-22
Michael,Davis,"USS Valdez, FPO AA 64435",1991-09-27
Deborah,Ford,"4345 Jared Lock, Lake Ryan, NE 70102",1994-09-11
Jean,Brown,"USCGC Jensen, FPO AE 10008",1929-05-05
Theodore,Black,"2762 Christopher Center Apt. 886, Port Destinymouth, WV 90169",1971-06-21
Laura,Carroll,"43317 Aguirre Mission Suite 635, Lake Robert, NC 06589",1951-11-13
Nicole,Alexander,"Unit 8929 Box 7290, DPO AE 37066",1913-12-13
Daisy,Williams,"92058 Joyce Via, Robertville, ID 98784",2010-03-02
Shawn,Dennis,"996 Christopher Island Suite 407, East Melanie, UT 15695",1960-06-09
Jessica,Jones,"8909 Daniel Lock Apt. 745, Lake Paul, FM 08056",1945-07-03
April,Warner,"807 Zuniga Gateway, Fitzpatrickbury, NY 70113",1917-05-18
Kathleen,Wright,"007 Tasha Well Suite 680, Davidtown, ND 90868",2010-02-14
Jessica,Williams,"1706 Wilson Brooks Suite 197, New Benjaminbury, AS 86031",1911-08-21
Mariah,Little,"4519 Robin Gardens, Saraberg, FM 02377",1987-05-31
Anthony,Davis,"26594 Kevin Forge, Sethland, WV 84022",2011-05-31
Angie,Hines,"29497 Victoria Ports Suite 884, West William, CO 71193",2011-11-24
Russell,Monroe,"519 Brown Course, West Jessicaberg, NM 90415",1968-10-17
Jacqueline,Frazier,"3254 James Lodge Apt. 109, Lake Timothyshire, HI 27110",1992-02-06
Alejandro,Miller,"1115 Ellison Vista Suite 580, Beckertown, MA 95681",1983-01-27
Ellen,Bonilla,"5470 Evans River Apt. 528, Duranbury, ME 42498",1925-12-07
Kenneth,Griffin,"137 Nicole Groves Suite 788, North Patriciabury, KS 81041",1927-05-24
Richard,Medina,"323 Mendez Meadow, Port Chad, TX 37853",2011-06-24
Courtney,Parsons,"104 Vazquez Junctions, East Holly, FL 01285",1940-11-16
Erica,Chan,"0981 Roberts Cliff, Stevensberg, IA 15065",1939-05-21
George,Dorsey,"66031 James Ridge, Port Nicolemouth, UT 54883",1931-08-06
Danielle,Lozano,"459 Jennifer Crossroad Apt. 476, Carlychester, MO 27753",2010-12-13
Wendy,Osborne,"Unit 0752 Box 4927, DPO AE 40329",1938-11-03
Diana,Evans,"101 Freeman Pine, Nicoleport, NH 33170",1910-01-24
Amy,King,"7039 Christopher Keys Apt. 359, Campbellfort, UT 04890",1986-06-15
Cheryl,Jones,"414 Amy Fork, North Joel, ME 44579",1951-01-21
Heather,Lewis,"65289 Miller Rue Apt. 171, Shepherdhaven, FL 35280",1967-04-10
Paul,Ryan,"PSC 1544, Box 1643, APO AA 23925",1941-08-31
Christopher,Brown,"2039 Jennifer Wells, East Amy, FM 60163",2009-12-16
Jose,Hanson,"4707 Wendy Circles, Lake Kimberlyview, PW 34748",1915-02-16
Jeffery,White,"637 Joshua Plains, Lucasport, DE 62297",1913-09-03
Isaac,Mendez,"11319 Melanie Square, Lake Randyton, WA 63659",1989-01-26
Loretta,Hill,"6278 Alexandra Isle Apt. 860, Kathleenstad, NY 67367",1938-08-15
Paul,Roach,"USNS Jones, FPO AA 68057",1989-08-02
Dean,Ramirez,"44778 Bennett Points Suite 919, Joshuamouth, NV 74851",1988-06-21
Sheila,Ray,"USNS James, FPO AE 88877",1942-08-19
Catherine,Foster,"809 Kenneth Ferry Suite 607, South Annaberg, AL 47546",1941-04-25
Jessica,Williams,"6234 Marilyn Glen, Jamesfort, IA 42182",2016-11-10
Mackenzie,Lee,"4219 Jackson Path, West Stacyfurt, NY 01967",2018-03-15
Andrea,Brown,"4743 Crawford Station Apt. 389, North Melissaborough, CA 76844",1982-06-30
Terri,Fleming,"87598 Henderson Fort Suite 730, Coryhaven, KS 33406",2003-03-02
Krista,Robinson,"90537 Brent Islands Suite 906, Port Tommyburgh, NM 23749",1967-06-24
Melinda,Daniel,"75561 Hall Curve, Dawsonland, OR 09655",1944-04-14
Calvin,Howard,"547 Molina Spring, Derrickmouth, HI 60102",1965-12-09
Denise,Garcia,"828 Emily Fort, Powersside, AK 70039",1965-03-20
Mitchell,Parker,"5300 Welch Place, Janicemouth, LA 56899",1975-07-26
Katie,Waller,"123 Aguirre Stravenue Suite 527, Johnchester, ND 10389",1995-04-27
Crystal,Gallegos,"358 Anderson Station Suite 370, New Antonio, DE 26788",1917-08-27
Joseph,Silva,"78957 Jenkins Way, Christopherfurt, CT 09869",2001-12-31
Evan,Davis,"PSC 2607, Box 2389, APO AE 93070",2008-06-10
Caroline,Lewis,"3021 Janet Forks Apt. 454, East Garyfurt, KY 49467",2018-05-01
Andrew,Robinson,"108 Michelle Islands Suite 714, East James, OH 88146",1941-09-25
Emily,Allen,"34011 Jonathan Fork Suite 390, Jordanshire, VT 87015",1976-07-03
George,Mcclain,"Unit 7536 Box 3115, DPO AE 37149",1947-09-13
Mallory,Jordan,"934 Reynolds Meadow Apt. 040, South Moniqueville, NV 41121",1918-05-02
Lonnie,Bennett,"7460 Nicholas Dam, Jessicamouth, IA 68417",2000-05-24
Javier,Lewis,"8806 Harris Forks Apt. 611, North Adrian, WA 16796",1975-08-04
Robert,Gibbs,"9670 Rhonda Mountains, Wheelershire, VA 54661",1965-01-10
Mark,Brooks,"93177 Steven Common Apt. 841, Lake Sean, AR 50928",1911-01-25
Susan,Brady,"8327 Heath Estates Apt. 726, Claytontown, VA 65705",2013-12-29
Tonya,Orr,"69641 Velazquez Locks Apt. 258, Robinland, UT 87775",1960-09-14
Cynthia,Hughes,"89825 Olivia Viaduct, New Tinaview, MH 05839",2013-05-31
Billy,Bradley,"00488 Marshall Summit Apt. 023, East Charleshaven, MS 29369",2020-08-28
Jennifer,Bridges,"153 Chad Ridges Apt. 822, Vanessaland, WI 11950",1985-04-05
James,Fletcher,"1385 Thomas Stravenue Suite 476, North Janehaven, NE 24326",1925-07-06
John,Stokes,"33744 Andrew Manor Suite 431, Torreshaven, CA 87306",1914-05-29
Angela,Goodwin,"420 Morales Isle Apt. 178, East Brian, TX 30617",1988-12-04
Stephanie,Copeland,"3250 Sarah Villages Apt. 627, North Kaylaside, MD 15695",1935-08-08
Ricky,Davila,"1892 Melissa Manor, Jessicamouth, CO 54109",1970-03-13
Lawrence,Alexander,"7241 Quinn Ramp Suite 139, Medinaville, ID 45230",2011-10-02
Luis,Baker,"Unit 9246 Box 1713, DPO AE 86811",1994-03-26
Ryan,Jimenez,"Unit 0107 Box 1163, DPO AP 00616",1919-07-11
Teresa,Martinez,"42985 Debra Lock Suite 202, Aguirreshire, NE 06160",2020-05-15
Joseph,Hickman,"286 Garrett Street, Wilsontown, OR 73132",2022-08-13
Alison,Pierce,"08827 Stevens Estates, Kaylatown, IN 29475",2013-03-29
Gail,Garcia,"USNV Gregory, FPO AA 32400",1987-11-01
Calvin,Lane,"550 Smith Corner Apt. 285, Robertberg, CA 78005",1952-07-28
Beth,Newton,"359 Benjamin Via, Meltonland, IL 83108",1941-05-23
Kellie,Bell,"5954 Dawn Roads, Port Charlesbury, WA 10981",1970-11-26
Rebekah,Davis,"881 Nancy Ford, East Stephanie, NC 21587",1969-05-10
Heidi,Holden,"20885 Michael Island, Lake Anthonyhaven, ME 37272",1948-03-17
Paula,Rodriguez,"7627 Daniel Square, Shannontown, AK 33952",1953-03-24
Dakota,Carrillo,"2160 Mark Fields Suite 104, Cindyview, AK 08731",1980-02-14
Kevin,Bell,"30911 Freeman Wall, Dawnbury, GU 62291",1986-06-04
Thomas,Allen,"56656 Jackson Junctions, South Frank, SC 39908",2014-03-17
Nathaniel,King,"81554 Cox Falls Apt. 014, Port Christopherfort, SD 28250",1912-09-29
Elizabeth,Harris,"80363 Edwards Trail, Crossfort, TX 65016",2020-07-10
Natalie,Dickerson,"2018 Mccarthy Pine Apt. 155, South Heather, DC 18964",1965-04-24
Laurie,Mcfarland,"58040 Green Centers Suite 406, Port Jonathanfort, NC 35898",1938-10-30